time,Qin,Qout,S
2014-01-01,2.04,1.02,11261000.0
2014-01-02,1.86,1.02,11294000.0
2014-01-03,1.54,1.02,11316000.0
2014-01-04,1.2,1.02,11320000.0
2014-01-05,1.2,1.02,11320000.0
2014-01-06,1.11,1.02,11312000.0
2014-01-07,2.14,1.02,11345000.0
2014-01-08,2.37,1.02,11398000.0
2014-01-09,2.44,1.02,11466000.0
2014-01-10,2.41,1.02,11533000.0
2014-01-11,2.03,1.02,11579000.0
2014-01-12,1.7,1.02,11607000.0
2014-01-13,1.4,1.02,11624000.0
2014-01-14,1.12,1.02,11626000.0
2014-01-15,1.01,1.02,11612000.0
2014-01-16,0.964,1.02,11602000.0
2014-01-17,0.857,1.02,11576000.0
2014-01-18,0.741,1.02,11546000.0
2014-01-19,0.702,1.02,11509000.0
2014-01-20,0.673,1.02,11468000.0
2014-01-21,0.694,0.674,11441000.0
2014-01-22,0.648,0.49,11438000.0
2014-01-23,0.606,0.49,11430000.0
2014-01-24,0.604,0.49,11427000.0
2014-01-25,0.568,0.49,11412000.0
2014-01-26,0.597,0.492,11415000.0
2014-01-27,0.794,0.513,11434000.0
2014-01-28,0.726,0.515,11444000.0
2014-01-29,0.719,0.503,11454000.0
2014-01-30,0.719,0.49,11464000.0
2014-01-31,0.695,0.49,11474000.0
2014-02-01,0.797,0.49,11491000.0
2014-02-02,0.796,0.49,11514000.0
2014-02-03,0.717,0.49,11525000.0
2014-02-04,0.723,0.49,11537000.0
2014-02-05,0.814,0.49,11559000.0
2014-02-06,0.989,0.505,11582000.0
2014-02-07,1.27,0.452,11623000.0
2014-02-08,1.62,0.41,11677000.0
2014-02-09,1.6,0.41,11737000.0
2014-02-10,1.32,0.41,11792000.0
2014-02-11,1.14,0.41,11838000.0
2014-02-12,1.11,0.41,11885000.0
2014-02-13,1.26,0.428,11932000.0
2014-02-14,1.21,0.419,11985000.0
2014-02-15,1.39,0.419,12044000.0
2014-02-16,1.42,0.423,12105000.0
2014-02-17,1.54,0.43,12174000.0
2014-02-18,1.25,0.43,12233000.0
2014-02-19,1.23,0.43,12292000.0
2014-02-20,1.25,0.43,12343000.0
2014-02-21,1.3,0.43,12394000.0
2014-02-22,1.16,0.43,12443000.0
2014-02-23,1.06,0.43,12476000.0
2014-02-24,0.987,0.42,12506000.0
2014-02-25,0.902,0.41,12538000.0
2014-02-26,0.937,0.531,12565000.0
2014-02-27,0.863,0.592,12572000.0
2014-02-28,0.877,0.594,12586000.0
2014-03-01,0.818,0.591,12596000.0
2014-03-02,0.771,0.59,12600000.0
2014-03-03,0.75,0.597,12600000.0
2014-03-04,0.716,0.592,12590000.0
2014-03-05,0.654,0.595,12579000.0
2014-03-06,0.607,0.59,12568000.0
2014-03-07,0.582,0.59,12550000.0
2014-03-08,0.549,0.59,12535000.0
2014-03-09,0.513,0.59,12509000.0
2014-03-10,0.479,0.59,12488000.0
2014-03-11,0.457,0.47,12467000.0
2014-03-12,0.428,0.41,12454000.0
2014-03-13,0.406,0.41,12439000.0
2014-03-14,0.379,0.41,12423000.0
2014-03-15,0.377,0.41,12407000.0
2014-03-16,0.374,0.41,12396000.0
2014-03-17,0.337,0.41,12375000.0
2014-03-18,0.326,0.41,12360000.0
2014-03-19,0.319,0.41,12339000.0
2014-03-20,0.294,0.406,12316000.0
2014-03-21,0.281,0.401,12304000.0
2014-03-22,0.29,0.41,12274000.0
2014-03-23,0.322,0.41,12256000.0
2014-03-24,0.29,0.41,12236000.0
2014-03-25,0.285,0.41,12215000.0
2014-03-26,0.264,0.41,12190000.0
2014-03-27,0.241,0.41,12164000.0
2014-03-28,0.224,0.41,12135000.0
2014-03-29,0.21,0.41,12107000.0
2014-03-30,0.196,0.433,12078000.0
2014-03-31,0.186,0.424,12050000.0
2014-04-01,0.178,0.41,12020000.0
2014-04-02,0.174,0.41,11991000.0
2014-04-03,0.165,0.41,11961000.0
2014-04-04,0.162,0.41,11924000.0
2014-04-05,0.162,0.41,11893000.0
2014-04-06,0.156,0.41,11862000.0
2014-04-07,0.153,0.402,11832000.0
2014-04-08,0.147,0.34,11804000.0
2014-04-09,0.147,0.34,11777000.0
2014-04-10,0.147,0.317,11750000.0
2014-04-11,0.146,0.334,11723000.0
2014-04-12,0.138,0.325,11697000.0
2014-04-13,0.139,0.325,11669000.0
2014-04-14,0.149,0.318,11647000.0
2014-04-15,0.147,0.31,11617000.0
2014-04-16,0.142,0.31,11586000.0
2014-04-17,0.137,0.321,11560000.0
2014-04-18,0.133,0.31,11532000.0
2014-04-19,0.135,0.31,11507000.0
2014-04-20,0.135,0.31,11479000.0
2014-04-21,0.182,0.311,11459000.0
2014-04-22,0.189,0.313,11440000.0
2014-04-23,0.153,0.316,11411000.0
2014-04-24,0.147,0.318,11386000.0
2014-04-25,0.129,0.31,11359000.0
2014-04-26,0.129,0.31,11331000.0
2014-04-27,0.129,0.31,11306000.0
2014-04-28,0.125,0.299,11281000.0
2014-04-29,0.12,0.302,11252000.0
2014-04-30,0.12,0.31,11224000.0
2014-05-01,0.124,0.311,11196000.0
2014-05-02,0.144,0.31,11176000.0
2014-05-03,0.135,0.31,11149000.0
2014-05-04,0.126,0.31,11118000.0
2014-05-05,0.107,0.31,11089000.0
2014-05-06,0.139,0.312,11062000.0
2014-05-07,0.746,0.314,11094000.0
2014-05-08,0.319,0.31,11099000.0
2014-05-09,0.487,0.31,11100000.0
2014-05-10,0.458,0.312,11100000.0
2014-05-11,0.754,0.31,11126000.0
2014-05-12,0.651,0.31,11150000.0
2014-05-13,0.627,0.31,11170000.0
2014-05-14,0.537,0.31,11188000.0
2014-05-15,0.466,0.31,11190000.0
2014-05-16,0.416,0.31,11190000.0
2014-05-17,0.369,0.31,11181000.0
2014-05-18,0.34,0.31,11173000.0
2014-05-19,0.302,0.31,11160000.0
2014-05-20,0.272,0.31,11149000.0
2014-05-21,0.248,0.31,11129000.0
2014-05-22,0.237,0.31,11113000.0
2014-05-23,0.256,0.31,11099000.0
2014-05-24,0.234,0.316,11082000.0
2014-05-25,0.204,0.315,11060000.0
2014-05-26,0.186,0.31,11039000.0
2014-05-27,0.187,0.31,11022000.0
2014-05-28,0.189,0.31,10999000.0
2014-05-29,0.18,0.31,10977000.0
2014-05-30,0.166,0.31,10955000.0
2014-05-31,0.154,0.31,10928000.0
2014-06-01,0.145,0.31,10901000.0
2014-06-02,0.138,0.31,10876000.0
2014-06-03,0.138,0.327,10851000.0
2014-06-04,0.14,0.295,10828000.0
2014-06-05,0.184,0.297,10809000.0
2014-06-06,0.149,0.295,10781000.0
2014-06-07,0.127,0.295,10754000.0
2014-06-08,0.111,0.295,10726000.0
2014-06-09,0.144,0.299,10699000.0
2014-06-10,0.33,0.298,10693000.0
2014-06-11,0.302,0.311,10679000.0
2014-06-12,0.191,0.307,10660000.0
2014-06-13,0.155,0.312,10633000.0
2014-06-14,0.147,0.325,10603000.0
2014-06-15,0.138,0.325,10571000.0
2014-06-16,0.119,0.31,10541000.0
2014-06-17,0.113,0.295,10515000.0
2014-06-18,0.109,0.295,10488000.0
2014-06-19,0.103,0.295,10460000.0
2014-06-20,0.103,0.295,10431000.0
2014-06-21,0.103,0.295,10402000.0
2014-06-22,0.095,0.295,10372000.0
2014-06-23,0.0888,0.295,10343000.0
2014-06-24,0.087,0.295,10311000.0
2014-06-25,0.085,0.295,10285000.0
2014-06-26,0.079,0.295,10255000.0
2014-06-27,0.079,0.295,10226000.0
2014-06-28,0.08,0.295,10204000.0
2014-06-29,0.198,0.295,10196000.0
2014-06-30,0.241,0.297,10177000.0
2014-07-01,0.193,0.295,10149000.0
2014-07-02,0.146,0.295,10122000.0
2014-07-03,0.0982,0.295,10096000.0
2014-07-04,0.0969,0.295,10068000.0
2014-07-05,0.156,0.295,10042000.0
2014-07-06,0.17,0.295,10022000.0
2014-07-07,0.156,0.295,10000000.0
2014-07-08,0.509,0.295,9996000.0
2014-07-09,2.01,0.303,10048000.0
2014-07-10,2.58,0.309,10171000.0
2014-07-11,1.66,0.303,10259000.0
2014-07-12,1.03,0.297,10310000.0
2014-07-13,0.86,0.298,10348000.0
2014-07-14,0.831,0.3,10378000.0
2014-07-15,0.648,0.295,10399000.0
2014-07-16,0.561,0.295,10406000.0
2014-07-17,0.489,0.295,10410000.0
2014-07-18,0.429,0.295,10403000.0
2014-07-19,0.364,0.295,10399000.0
2014-07-20,0.33,0.295,10385000.0
2014-07-21,1.05,0.299,10388000.0
2014-07-22,0.832,0.295,10433000.0
2014-07-23,0.612,0.295,10449000.0
2014-07-24,0.549,0.295,10450000.0
2014-07-25,0.812,0.295,10457000.0
2014-07-26,0.916,0.295,10509000.0
2014-07-27,0.725,0.295,10540000.0
2014-07-28,0.77,0.295,10560000.0
2014-07-29,0.675,0.296,10588000.0
2014-07-30,3.9,0.302,10736000.0
2014-07-31,3.41,0.295,10950000.0
2014-08-01,2.5,0.295,11104000.0
2014-08-02,1.76,0.295,11206000.0
2014-08-03,1.11,0.297,11276000.0
2014-08-04,1.75,0.307,11348000.0
2014-08-05,2.35,0.31,11457000.0
2014-08-06,2.16,0.31,11550000.0
2014-08-07,2.0,0.31,11647000.0
2014-08-08,1.46,0.31,11727000.0
2014-08-09,1.42,0.31,11797000.0
2014-08-10,1.22,0.311,11853000.0
2014-08-11,1.1,0.36,11911000.0
2014-08-12,1.12,0.399,11949000.0
2014-08-13,1.6,0.41,12014000.0
2014-08-14,1.53,0.411,12074000.0
2014-08-15,1.72,0.41,12140000.0
2014-08-16,1.73,0.41,12209000.0
2014-08-17,1.65,0.41,12271000.0
2014-08-18,1.39,0.403,12331000.0
2014-08-19,1.07,0.41,12378000.0
2014-08-20,0.909,0.41,12409000.0
2014-08-21,0.781,0.41,12436000.0
2014-08-22,0.687,0.4,12440000.0
2014-08-23,0.718,0.402,12455000.0
2014-08-24,0.732,0.41,12468000.0
2014-08-25,0.576,0.418,12470000.0
2014-08-26,2.0,0.445,12512000.0
2014-08-27,2.95,0.45,12627000.0
2014-08-28,3.01,0.475,12769000.0
2014-08-29,2.85,0.491,12902000.0
2014-08-30,2.2,0.49,12998000.0
2014-08-31,2.05,0.49,13075000.0
2014-09-01,1.73,0.49,13143000.0
2014-09-02,1.2,0.491,13187000.0
2014-09-03,1.09,0.49,13219000.0
2014-09-04,0.992,0.49,13250000.0
2014-09-05,0.879,0.49,13271000.0
2014-09-06,0.779,0.49,13286000.0
2014-09-07,0.707,0.49,13290000.0
2014-09-08,0.615,0.49,13290000.0
2014-09-09,0.545,0.503,13283000.0
2014-09-10,0.495,0.515,13261000.0
2014-09-11,0.451,0.515,13245000.0
2014-09-12,0.41,0.515,13217000.0
2014-09-13,0.376,0.528,13191000.0
2014-09-14,0.359,0.54,13166000.0
2014-09-15,0.336,0.532,13135000.0
2014-09-16,0.308,0.516,13103000.0
2014-09-17,0.287,0.518,13070000.0
2014-09-18,0.311,0.528,13038000.0
2014-09-19,0.305,0.52,13008000.0
2014-09-20,0.286,0.534,12975000.0
2014-09-21,1.17,0.535,12990000.0
2014-09-22,0.634,0.518,13019000.0
2014-09-23,0.551,0.534,13010000.0
2014-09-24,0.529,0.54,13010000.0
2014-09-25,0.525,0.512,13001000.0
2014-09-26,0.478,0.515,12988000.0
2014-09-27,0.445,0.515,12971000.0
2014-09-28,0.41,0.515,12951000.0
2014-09-29,0.386,0.505,12931000.0
2014-09-30,0.394,0.515,12910000.0
2014-10-01,0.359,0.515,12884000.0
2014-10-02,0.332,0.515,12855000.0
2014-10-03,0.311,0.515,12826000.0
2014-10-04,0.298,0.515,12795000.0
2014-10-05,0.292,0.515,12764000.0
2014-10-06,0.285,0.515,12731000.0
2014-10-07,0.386,0.524,12709000.0
2014-10-08,0.368,0.522,12687000.0
2014-10-09,0.605,0.515,12677000.0
2014-10-10,0.442,0.515,12665000.0
2014-10-11,0.403,0.515,12641000.0
2014-10-12,0.402,0.515,12617000.0
2014-10-13,0.419,0.564,12595000.0
2014-10-14,0.389,0.59,12566000.0
2014-10-15,0.365,0.59,12535000.0
2014-10-16,0.363,0.59,12501000.0
2014-10-17,0.524,0.59,12476000.0
2014-10-18,0.424,0.59,12454000.0
2014-10-19,0.389,0.59,12424000.0
2014-10-20,0.415,0.59,12394000.0
2014-10-21,0.555,0.592,12369000.0
2014-10-22,1.17,0.592,12386000.0
2014-10-23,1.18,0.59,12413000.0
2014-10-24,1.22,0.59,12453000.0
2014-10-25,1.28,0.59,12492000.0
2014-10-26,1.03,0.59,12527000.0
2014-10-27,0.914,0.59,12540000.0
2014-10-28,0.854,0.732,12543000.0
2014-10-29,0.798,0.812,12538000.0
2014-10-30,0.731,0.79,12516000.0
2014-10-31,0.665,0.79,12494000.0
2014-11-01,0.608,0.79,12466000.0
2014-11-02,0.573,0.791,12434000.0
2014-11-03,0.669,0.793,12407000.0
2014-11-04,1.59,0.815,12418000.0
2014-11-05,1.39,0.815,12466000.0
2014-11-06,1.62,0.815,12508000.0
2014-11-07,1.61,0.815,12539000.0
2014-11-08,1.16,0.814,12561000.0
2014-11-09,1.02,0.815,12570000.0
2014-11-10,0.907,0.815,12570000.0
2014-11-11,0.802,0.815,12558000.0
2014-11-12,0.722,0.815,12541000.0
2014-11-13,0.647,0.937,12512000.0
2014-11-14,0.593,1.02,12462000.0
2014-11-15,0.584,1.02,12413000.0
2014-11-16,0.671,1.02,12368000.0
2014-11-17,0.62,1.02,12326000.0
2014-11-18,0.56,1.02,12274000.0
2014-11-19,0.525,1.02,12220000.0
2014-11-20,0.506,1.02,12160000.0
2014-11-21,0.506,1.03,12099000.0
2014-11-22,0.506,1.03,12040000.0
2014-11-23,0.505,1.03,11982000.0
2014-11-24,0.49,1.02,11919000.0
2014-11-25,0.469,1.02,11856000.0
2014-11-26,0.467,1.02,11794000.0
2014-11-27,0.452,1.02,11733000.0
2014-11-28,0.432,1.02,11670000.0
2014-11-29,0.398,1.02,11604000.0
2014-11-30,0.377,1.02,11537000.0
2014-12-01,0.356,1.02,11470000.0
2014-12-02,0.347,1.02,11402000.0
2014-12-03,0.329,1.02,11331000.0
2014-12-04,0.314,1.02,11258000.0
2014-12-05,0.303,1.02,11182000.0
2014-12-06,0.303,1.02,11103000.0
2014-12-07,0.304,1.02,11027000.0
2014-12-08,0.351,0.781,10968000.0
2014-12-09,0.327,0.815,10918000.0
2014-12-10,0.407,0.815,10870000.0
2014-12-11,1.01,0.816,10843000.0
2014-12-12,2.45,0.825,10879000.0
2014-12-13,6.36,0.868,11142000.0
2014-12-14,5.83,0.87,11556000.0
2014-12-15,4.27,0.965,11822000.0
2014-12-16,3.46,1.42,11973000.0
2014-12-17,3.29,1.96,12019000.0
2014-12-18,3.87,1.96,12074000.0
2014-12-19,6.43,1.99,12219000.0
2014-12-20,8.91,2.05,12679000.0
2014-12-21,5.73,2.05,13043000.0
2014-12-22,4.32,2.33,13196000.0
2014-12-23,3.5,2.62,13226000.0
2014-12-24,3.25,2.62,13203000.0
2014-12-25,3.31,2.62,13186000.0
2014-12-26,3.26,2.62,13166000.0
2014-12-27,3.08,2.62,13142000.0
2014-12-28,2.54,2.62,13086000.0
2014-12-29,1.98,2.62,12992000.0
2014-12-30,1.65,2.26,12888000.0
2014-12-31,1.43,2.0,12808000.0
2015-01-01,1.2,2.0,12718000.0
2015-01-02,1.4,2.0,12631000.0
2015-01-03,1.44,2.0,12557000.0
2015-01-04,1.71,2.0,12501000.0
2015-01-05,1.71,2.0,12452000.0
2015-01-06,1.78,2.0,12412000.0
2015-01-07,1.73,1.98,12364000.0
2015-01-08,2.87,1.99,12326000.0
2015-01-09,5.88,2.01,12463000.0
2015-01-10,8.39,2.05,12841000.0
2015-01-11,6.46,2.05,13231000.0
2015-01-12,5.15,2.45,13446000.0
2015-01-13,4.13,2.72,13521000.0
2015-01-14,3.91,2.79,13558000.0
2015-01-15,3.87,2.74,13579000.0
2015-01-16,3.74,2.72,13608000.0
2015-01-17,3.34,2.72,13606000.0
2015-01-18,2.88,2.7,13568000.0
2015-01-19,2.38,2.67,13496000.0
2015-01-20,1.91,2.67,13403000.0
2015-01-21,1.38,2.67,13288000.0
2015-01-22,1.07,2.29,13164000.0
2015-01-23,0.918,2.0,13059000.0
2015-01-24,0.824,2.0,12953000.0
2015-01-25,0.749,2.0,12840000.0
2015-01-26,0.76,2.0,12726000.0
2015-01-27,0.811,2.0,12621000.0
2015-01-28,0.782,1.35,12525000.0
2015-01-29,0.866,0.99,12504000.0
2015-01-30,0.832,0.99,12499000.0
2015-01-31,0.832,0.99,12487000.0
2015-02-01,0.819,0.99,12471000.0
2015-02-02,0.803,0.99,12457000.0
2015-02-03,0.758,0.99,12437000.0
2015-02-04,0.711,0.794,12408000.0
2015-02-05,0.662,0.515,12410000.0
2015-02-06,0.609,0.515,12408000.0
2015-02-07,0.558,0.515,12400000.0
2015-02-08,0.582,0.515,12400000.0
2015-02-09,0.549,0.515,12400000.0
2015-02-10,0.578,0.515,12390000.0
2015-02-11,0.583,0.515,12390000.0
2015-02-12,0.551,0.515,12379000.0
2015-02-13,0.526,0.515,12372000.0
2015-02-14,0.573,0.515,12370000.0
2015-02-15,0.646,0.515,12374000.0
2015-02-16,0.648,0.515,12380000.0
2015-02-17,0.674,0.448,12394000.0
2015-02-18,0.722,0.41,12415000.0
2015-02-19,0.734,0.409,12440000.0
2015-02-20,0.773,0.41,12468000.0
2015-02-21,1.1,0.41,12511000.0
2015-02-22,1.0,0.41,12554000.0
2015-02-23,1.03,0.41,12598000.0
2015-02-24,1.06,0.41,12648000.0
2015-02-25,1.01,0.41,12685000.0
2015-02-26,1.14,0.41,12731000.0
2015-02-27,2.07,0.41,12805000.0
2015-02-28,2.38,0.411,12903000.0
2015-03-01,2.91,0.419,13044000.0
2015-03-02,3.16,0.679,13192000.0
2015-03-03,3.23,0.816,13317000.0
2015-03-04,3.13,0.95,13433000.0
2015-03-05,2.83,1.02,13518000.0
2015-03-06,2.54,1.03,13586000.0
2015-03-07,2.22,1.02,13638000.0
2015-03-08,1.9,1.02,13676000.0
2015-03-09,1.67,1.02,13702000.0
2015-03-10,1.64,0.884,13718000.0
2015-03-11,1.7,0.816,13743000.0
2015-03-12,1.5,0.815,13766000.0
2015-03-13,1.13,0.815,13780000.0
2015-03-14,0.994,0.815,13780000.0
2015-03-15,0.901,0.815,13778000.0
2015-03-16,0.798,0.815,13762000.0
2015-03-17,0.716,0.815,13742000.0
2015-03-18,0.647,0.815,13719000.0
2015-03-19,0.611,0.815,13690000.0
2015-03-20,0.591,0.815,13659000.0
2015-03-21,0.572,0.815,13628000.0
2015-03-22,0.588,0.815,13600000.0
2015-03-23,0.507,0.815,13563000.0
2015-03-24,0.482,0.815,13526000.0
2015-03-25,0.466,0.71,13489000.0
2015-03-26,0.449,0.615,13461000.0
2015-03-27,0.468,0.615,13438000.0
2015-03-28,0.407,0.615,13410000.0
2015-03-29,1.17,0.617,13405000.0
2015-03-30,2.74,0.616,13498000.0
2015-03-31,3.24,0.615,13640000.0
2015-04-01,3.48,0.621,13821000.0
2015-04-02,4.08,0.661,14036000.0
2015-04-03,4.25,0.665,14299000.0
2015-04-04,3.87,0.653,14554000.0
2015-04-05,3.03,0.64,14726000.0
2015-04-06,2.39,0.64,14838000.0
2015-04-07,1.84,0.64,14916000.0
2015-04-08,1.42,0.64,14965000.0
2015-04-09,1.08,0.753,15001000.0
2015-04-10,0.937,0.741,15014000.0
2015-04-11,0.832,0.836,15008000.0
2015-04-12,0.731,0.829,14990000.0
2015-04-13,0.647,0.822,14961000.0
2015-04-14,0.591,0.822,14939000.0
2015-04-15,0.538,0.819,14901000.0
2015-04-16,0.5,0.817,14857000.0
2015-04-17,0.468,0.824,14814000.0
2015-04-18,0.422,0.838,14763000.0
2015-04-19,0.388,0.833,14711000.0
2015-04-20,0.36,0.697,14663000.0
2015-04-21,0.332,0.615,14620000.0
2015-04-22,0.312,0.615,14584000.0
2015-04-23,0.3,0.615,14539000.0
2015-04-24,0.288,0.615,14503000.0
2015-04-25,0.289,0.615,14460000.0
2015-04-26,0.317,0.615,14425000.0
2015-04-27,0.439,0.615,14403000.0
2015-04-28,0.33,0.615,14372000.0
2015-04-29,0.279,0.551,14325000.0
2015-04-30,0.369,0.535,14292000.0
2015-05-01,0.452,0.537,14285000.0
2015-05-02,0.331,0.532,14254000.0
2015-05-03,0.343,0.528,14223000.0
2015-05-04,0.423,0.535,14201000.0
2015-05-05,0.385,0.535,14179000.0
2015-05-06,0.369,0.529,14161000.0
2015-05-07,0.347,0.515,14129000.0
2015-05-08,0.334,0.504,14096000.0
2015-05-09,0.311,0.515,14069000.0
2015-05-10,0.296,0.515,14035000.0
2015-05-11,0.278,0.515,14008000.0
2015-05-12,0.267,0.515,13973000.0
2015-05-13,0.248,0.515,13936000.0
2015-05-14,0.24,0.515,13901000.0
2015-05-15,0.239,0.515,13870000.0
2015-05-16,0.226,0.515,13834000.0
2015-05-17,0.217,0.515,13799000.0
2015-05-18,0.198,0.515,13766000.0
2015-05-19,0.192,0.515,13726000.0
2015-05-20,0.189,0.518,13689000.0
2015-05-21,0.186,0.515,13649000.0
2015-05-22,0.173,0.506,13609000.0
2015-05-23,0.165,0.5,13567000.0
2015-05-24,0.164,0.504,13525000.0
2015-05-25,0.15,0.522,13487000.0
2015-05-26,0.147,0.515,13447000.0
2015-05-27,0.147,0.49,13407000.0
2015-05-28,0.145,0.515,13365000.0
2015-05-29,0.14,0.515,13322000.0
2015-05-30,0.157,0.515,13279000.0
2015-05-31,0.148,0.515,13234000.0
2015-06-01,0.152,0.448,13195000.0
2015-06-02,0.146,0.403,13163000.0
2015-06-03,0.135,0.41,13126000.0
2015-06-04,0.128,0.41,13086000.0
2015-06-05,0.107,0.41,13048000.0
2015-06-06,0.122,0.41,13009000.0
2015-06-07,0.115,0.41,12969000.0
2015-06-08,0.103,0.41,12928000.0
2015-06-09,0.103,0.41,12885000.0
2015-06-10,0.102,0.41,12843000.0
2015-06-11,0.0915,0.405,12805000.0
2015-06-12,0.0903,0.41,12763000.0
2015-06-13,0.0944,0.41,12724000.0
2015-06-14,0.0915,0.41,12682000.0
2015-06-15,0.087,0.41,12639000.0
2015-06-16,0.0853,0.41,12595000.0
2015-06-17,0.0828,0.41,12554000.0
2015-06-18,0.0954,0.41,12516000.0
2015-06-19,0.0958,0.41,12476000.0
2015-06-20,0.095,0.41,12436000.0
2015-06-21,0.095,0.41,12397000.0
2015-06-22,0.317,0.415,12371000.0
2015-06-23,0.552,0.414,12381000.0
2015-06-24,0.245,0.41,12364000.0
2015-06-25,0.181,0.41,12332000.0
2015-06-26,0.149,0.41,12297000.0
2015-06-27,0.138,0.41,12262000.0
2015-06-28,0.134,0.41,12223000.0
2015-06-29,0.118,0.41,12185000.0
2015-06-30,0.104,0.41,12143000.0
2015-07-01,0.0928,0.41,12100000.0
2015-07-02,0.0852,0.338,12060000.0
2015-07-03,0.079,0.295,12024000.0
2015-07-04,0.077,0.295,11989000.0
2015-07-05,0.0689,0.306,11955000.0
2015-07-06,0.071,0.31,11920000.0
2015-07-07,0.071,0.31,11887000.0
2015-07-08,0.0771,0.311,11856000.0
2015-07-09,0.159,0.31,11836000.0
2015-07-10,0.105,0.31,11806000.0
2015-07-11,0.0889,0.31,11775000.0
2015-07-12,0.079,0.31,11740000.0
2015-07-13,0.0806,0.31,11710000.0
2015-07-14,0.117,0.31,11684000.0
2015-07-15,0.111,0.31,11656000.0
2015-07-16,0.0948,0.31,11627000.0
2015-07-17,0.08,0.306,11594000.0
2015-07-18,0.071,0.295,11559000.0
2015-07-19,0.117,0.309,11534000.0
2015-07-20,0.116,0.31,11511000.0
2015-07-21,0.1,0.31,11484000.0
2015-07-22,0.0822,0.31,11455000.0
2015-07-23,0.0733,0.31,11423000.0
2015-07-24,0.0643,0.31,11390000.0
2015-07-25,0.178,0.31,11368000.0
2015-07-26,0.21,0.31,11354000.0
2015-07-27,0.295,0.313,11337000.0
2015-07-28,0.267,0.31,11326000.0
2015-07-29,0.179,0.31,11302000.0
2015-07-30,0.146,0.31,11276000.0
2015-07-31,0.134,0.31,11248000.0
2015-08-01,0.109,0.31,11217000.0
2015-08-02,0.0936,0.31,11186000.0
2015-08-03,0.087,0.31,11153000.0
2015-08-04,0.0912,0.31,11121000.0
2015-08-05,0.0988,0.31,11090000.0
2015-08-06,0.0848,0.31,11058000.0
2015-08-07,0.079,0.31,11026000.0
2015-08-08,0.079,0.308,10995000.0
2015-08-09,0.079,0.31,10964000.0
2015-08-10,0.079,0.31,10935000.0
2015-08-11,0.079,0.31,10906000.0
2015-08-12,0.0739,0.31,10874000.0
2015-08-13,0.0626,0.31,10844000.0
2015-08-14,0.057,0.297,10813000.0
2015-08-15,0.0638,0.312,10785000.0
2015-08-16,0.0838,0.299,10757000.0
2015-08-17,0.0913,0.295,10730000.0
2015-08-18,0.095,0.295,10702000.0
2015-08-19,0.0918,0.295,10671000.0
2015-08-20,0.0834,0.295,10642000.0
2015-08-21,0.0774,0.295,10608000.0
2015-08-22,0.064,0.295,10576000.0
2015-08-23,0.0641,0.296,10543000.0
2015-08-24,0.137,0.295,10523000.0
2015-08-25,0.103,0.295,10498000.0
2015-08-26,0.0967,0.295,10467000.0
2015-08-27,0.142,0.295,10444000.0
2015-08-28,0.483,0.296,10450000.0
2015-08-29,0.193,0.295,10431000.0
2015-08-30,0.15,0.295,10409000.0
2015-08-31,0.122,0.295,10382000.0
2015-09-01,0.481,0.302,10372000.0
2015-09-02,0.348,0.295,10380000.0
2015-09-03,0.252,0.295,10368000.0
2015-09-04,0.215,0.295,10347000.0
2015-09-05,0.201,0.295,10328000.0
2015-09-06,0.215,0.295,10312000.0
2015-09-07,0.194,0.295,10294000.0
2015-09-08,0.178,0.295,10272000.0
2015-09-09,0.163,0.295,10249000.0
2015-09-10,0.145,0.295,10225000.0
2015-09-11,0.126,0.295,10199000.0
2015-09-12,0.158,0.296,10177000.0
2015-09-13,0.245,0.295,10166000.0
2015-09-14,0.229,0.295,10151000.0
2015-09-15,0.27,0.295,10140000.0
2015-09-16,0.754,0.302,10137000.0
2015-09-17,0.999,0.302,10182000.0
2015-09-18,0.705,0.297,10204000.0
2015-09-19,0.605,0.295,10219000.0
2015-09-20,0.502,0.295,10220000.0
2015-09-21,0.427,0.3,10220000.0
2015-09-22,0.709,0.305,10227000.0
2015-09-23,0.768,0.31,10254000.0
2015-09-24,0.886,0.31,10282000.0
2015-09-25,0.831,0.301,10305000.0
2015-09-26,0.727,0.295,10324000.0
2015-09-27,0.622,0.295,10340000.0
2015-09-28,0.529,0.295,10340000.0
2015-09-29,0.46,0.295,10340000.0
2015-09-30,0.399,0.295,10339000.0
2015-10-01,0.354,0.295,10326000.0
2015-10-02,0.323,0.295,10317000.0
2015-10-03,0.311,0.295,10308000.0
2015-10-04,0.299,0.295,10298000.0
2015-10-05,0.287,0.302,10287000.0
2015-10-06,0.275,0.298,10272000.0
2015-10-07,0.263,0.319,10258000.0
2015-10-08,0.251,0.304,10247000.0
2015-10-09,0.239,0.295,10232000.0
2015-10-10,0.23,0.295,10217000.0
2015-10-11,0.213,0.295,10197000.0
2015-10-12,0.194,0.295,10180000.0
2015-10-13,0.187,0.295,10158000.0
2015-10-14,0.183,0.295,10138000.0
2015-10-15,0.183,0.295,10118000.0
2015-10-16,0.267,0.295,10110000.0
2015-10-17,0.373,0.295,10104000.0
2015-10-18,0.272,0.295,10091000.0
2015-10-19,0.244,0.374,10074000.0
2015-10-20,0.236,0.43,10049000.0
2015-10-21,0.239,0.43,10023000.0
2015-10-22,0.24,0.43,9996000.0
2015-10-23,0.24,0.432,9971000.0
2015-10-24,0.237,0.43,9944000.0
2015-10-25,0.23,0.43,9916000.0
2015-10-26,0.23,0.43,9888000.0
2015-10-27,0.23,0.43,9862000.0
2015-10-28,0.23,0.43,9834000.0
2015-10-29,0.227,0.43,9808000.0
2015-10-30,0.216,0.43,9779000.0
2015-10-31,0.209,0.43,9749000.0
2015-11-01,0.201,0.43,9719000.0
2015-11-02,0.191,0.43,9688000.0
2015-11-03,0.184,0.43,9658000.0
2015-11-04,0.183,0.427,9626000.0
2015-11-05,0.183,0.43,9595000.0
2015-11-06,0.183,0.43,9564000.0
2015-11-07,0.21,0.43,9536000.0
2015-11-08,0.205,0.43,9508000.0
2015-11-09,0.189,0.43,9478000.0
2015-11-10,0.183,0.43,9446000.0
2015-11-11,0.181,0.43,9414000.0
2015-11-12,0.174,0.43,9380000.0
2015-11-13,0.187,0.43,9349000.0
2015-11-14,0.25,0.43,9324000.0
2015-11-15,0.535,0.43,9309000.0
2015-11-16,0.439,0.43,9295000.0
2015-11-17,1.22,0.43,9317000.0
2015-11-18,1.95,0.43,9372000.0
2015-11-19,2.54,0.438,9446000.0
2015-11-20,4.77,0.49,9622000.0
2015-11-21,4.49,0.515,9832000.0
2015-11-22,3.51,0.515,9989000.0
2015-11-23,2.82,0.515,10093000.0
2015-11-24,2.31,0.515,10163000.0
2015-11-25,2.12,0.515,10221000.0
2015-11-26,2.27,0.515,10283000.0
2015-11-27,2.06,0.515,10336000.0
2015-11-28,2.37,0.515,10402000.0
2015-11-29,3.73,0.507,10516000.0
2015-11-30,8.5,0.559,10837000.0
2015-12-01,14.6,0.739,11666000.0
2015-12-02,10.7,1.22,12572000.0
2015-12-03,6.52,1.74,13049000.0
2015-12-04,4.99,2.38,13241000.0
2015-12-05,3.7,2.58,13279000.0
2015-12-06,3.06,2.57,13243000.0
2015-12-07,2.59,2.57,13176000.0
2015-12-08,2.1,2.19,13090000.0
2015-12-09,1.98,2.05,13027000.0
2015-12-10,1.15,2.05,12941000.0
2015-12-11,1.45,2.05,12851000.0
2015-12-12,2.74,2.05,12816000.0
2015-12-13,3.02,2.05,12806000.0
2015-12-14,3.07,1.71,12824000.0
2015-12-15,2.78,1.52,12849000.0
2015-12-16,2.61,1.52,12859000.0
2015-12-17,2.64,1.52,12880000.0
2015-12-18,2.63,1.52,12880000.0
2015-12-19,2.57,1.52,12882000.0
2015-12-20,2.24,1.52,12873000.0
2015-12-21,1.85,1.52,12848000.0
2015-12-22,2.1,1.52,12831000.0
2015-12-23,1.81,1.52,12809000.0
2015-12-24,1.84,1.52,12775000.0
2015-12-25,1.92,1.5,12744000.0
2015-12-26,1.86,1.48,12730000.0
2015-12-27,1.21,1.52,12698000.0
2015-12-28,1.15,1.52,12658000.0
2015-12-29,1.08,1.19,12633000.0
2015-12-30,0.969,1.48,12591000.0
2015-12-31,0.89,1.48,12536000.0
2016-01-01,0.787,1.48,12471000.0
2016-01-02,0.735,1.48,12402000.0
2016-01-03,0.703,1.48,12333000.0
2016-01-04,0.869,1.23,12279000.0
2016-01-05,0.824,1.02,12252000.0
2016-01-06,0.782,1.02,12219000.0
2016-01-07,0.955,1.02,12192000.0
2016-01-08,1.07,1.02,12185000.0
2016-01-09,1.04,1.03,12167000.0
2016-01-10,1.25,1.03,12167000.0
2016-01-11,1.53,1.02,12180000.0
2016-01-12,2.33,1.02,12223000.0
2016-01-13,3.51,1.05,12318000.0
2016-01-14,4.43,1.05,12522000.0
2016-01-15,3.99,1.05,12742000.0
2016-01-16,3.1,1.05,12881000.0
2016-01-17,2.5,1.05,12960000.0
2016-01-18,1.92,1.05,13003000.0
2016-01-19,1.38,1.05,13017000.0
2016-01-20,1.08,1.04,13018000.0
2016-01-21,0.948,0.929,13010000.0
2016-01-22,0.823,0.96,12992000.0
2016-01-23,0.87,0.96,12972000.0
2016-01-24,0.951,0.96,12957000.0
2016-01-25,1.07,0.96,12943000.0
2016-01-26,1.3,0.96,12945000.0
2016-01-27,1.56,0.961,12964000.0
2016-01-28,1.82,0.963,12988000.0
2016-01-29,1.59,0.962,13008000.0
2016-01-30,2.31,0.979,13033000.0
2016-01-31,3.22,0.99,13144000.0
2016-02-01,4.33,0.984,13322000.0
2016-02-02,4.84,1.75,13520000.0
2016-02-03,4.6,2.1,13671000.0
2016-02-04,4.25,2.1,13788000.0
2016-02-05,3.87,2.1,13879000.0
2016-02-06,3.58,2.1,13937000.0
2016-02-07,3.12,2.1,13969000.0
2016-02-08,3.07,2.1,13985000.0
2016-02-09,3.15,2.1,14001000.0
2016-02-10,3.56,2.1,14053000.0
2016-02-11,3.82,2.1,14137000.0
2016-02-12,3.51,2.1,14205000.0
2016-02-13,3.16,2.1,14249000.0
2016-02-14,2.87,2.1,14266000.0
2016-02-15,2.22,2.09,14237000.0
2016-02-16,1.73,2.05,14170000.0
2016-02-17,1.52,1.35,14107000.0
2016-02-18,1.19,1.01,14119000.0
2016-02-19,1.07,1.02,14109000.0
2016-02-20,1.79,1.03,14111000.0
2016-02-21,5.88,1.05,14312000.0
2016-02-22,6.37,1.68,14673000.0
2016-02-23,6.45,2.06,15011000.0
2016-02-24,5.62,2.0,15320000.0
2016-02-25,4.41,2.0,15505000.0
2016-02-26,3.46,2.0,15594000.0
2016-02-27,2.84,2.0,15627000.0
2016-02-28,2.24,2.0,15602000.0
2016-02-29,1.74,1.99,15545000.0
2016-03-01,1.23,1.97,15473000.0
2016-03-02,1.49,1.99,15405000.0
2016-03-03,1.13,1.97,15327000.0
2016-03-04,1.01,1.96,15240000.0
2016-03-05,0.994,1.96,15141000.0
2016-03-06,0.976,1.96,15051000.0
2016-03-07,0.912,1.47,14963000.0
2016-03-08,0.846,0.99,14936000.0
2016-03-09,0.815,0.99,14911000.0
2016-03-10,0.777,0.992,14883000.0
2016-03-11,0.741,0.99,14853000.0
2016-03-12,0.721,0.99,14825000.0
2016-03-13,0.713,0.99,14789000.0
2016-03-14,0.716,0.99,14759000.0
2016-03-15,0.712,0.99,14727000.0
2016-03-16,0.734,0.99,14699000.0
2016-03-17,0.733,0.99,14678000.0
2016-03-18,0.758,0.99,14654000.0
2016-03-19,0.791,0.99,14631000.0
2016-03-20,0.786,0.99,14605000.0
2016-03-21,0.849,0.99,14595000.0
2016-03-22,0.906,0.871,14581000.0
2016-03-23,0.984,0.816,14590000.0
2016-03-24,1.01,0.809,14600000.0
2016-03-25,1.06,0.809,14601000.0
2016-03-26,1.1,0.794,14610000.0
2016-03-27,1.03,0.799,14610000.0
2016-03-28,1.07,0.783,14615000.0
2016-03-29,1.36,0.807,14644000.0
2016-03-30,1.48,0.796,14670000.0
2016-03-31,1.95,0.815,14714000.0
2016-04-01,3.42,0.838,14855000.0
2016-04-02,4.37,0.838,15100000.0
2016-04-03,3.89,0.813,15343000.0
2016-04-04,3.07,0.944,15499000.0
2016-04-05,2.64,1.02,15586000.0
2016-04-06,2.0,1.01,15641000.0
2016-04-07,1.6,1.02,15662000.0
2016-04-08,1.17,1.02,15660000.0
2016-04-09,1.04,1.02,15656000.0
2016-04-10,0.932,1.01,15637000.0
2016-04-11,0.816,1.01,15611000.0
2016-04-12,0.765,0.999,15575000.0
2016-04-13,0.761,0.872,15546000.0
2016-04-14,0.658,0.815,15523000.0
2016-04-15,0.629,0.816,15496000.0
2016-04-16,0.604,0.817,15465000.0
2016-04-17,0.57,0.816,15427000.0
2016-04-18,0.49,0.582,15396000.0
2016-04-19,0.455,0.452,15379000.0
2016-04-20,0.422,0.654,15349000.0
2016-04-21,0.391,0.79,15297000.0
2016-04-22,0.363,0.792,15250000.0
2016-04-23,0.401,0.796,15200000.0
2016-04-24,0.414,0.8,15150000.0
2016-04-25,0.403,0.801,15106000.0
2016-04-26,0.547,0.668,15100000.0
2016-04-27,0.709,0.59,15100000.0
2016-04-28,0.905,0.59,15108000.0
2016-04-29,1.09,0.59,15135000.0
2016-04-30,1.49,0.59,15180000.0
2016-05-01,1.67,0.59,15237000.0
2016-05-02,1.68,0.59,15282000.0
2016-05-03,1.45,0.593,15325000.0
2016-05-04,1.08,0.615,15354000.0
2016-05-05,0.936,0.615,15370000.0
2016-05-06,0.83,0.615,15378000.0
2016-05-07,0.731,0.615,15375000.0
2016-05-08,0.647,0.615,15364000.0
2016-05-09,0.577,0.615,15344000.0
2016-05-10,0.626,0.615,15323000.0
2016-05-11,0.558,0.615,15308000.0
2016-05-12,0.482,0.615,15281000.0
2016-05-13,0.438,0.615,15258000.0
2016-05-14,0.389,0.615,15219000.0
2016-05-15,0.363,0.615,15177000.0
2016-05-16,0.333,0.615,15137000.0
2016-05-17,0.305,0.618,15098000.0
2016-05-18,0.288,0.615,15058000.0
2016-05-19,0.287,0.615,15013000.0
2016-05-20,0.266,0.615,14966000.0
2016-05-21,0.252,0.615,14925000.0
2016-05-22,0.245,0.615,14877000.0
2016-05-23,0.304,0.615,14844000.0
2016-05-24,0.328,0.615,14808000.0
2016-05-25,0.264,0.615,14765000.0
2016-05-26,0.236,0.615,14721000.0
2016-05-27,0.221,0.615,14676000.0
2016-05-28,0.237,0.615,14632000.0
2016-05-29,0.315,0.617,14596000.0
2016-05-30,1.88,0.642,14609000.0
2016-05-31,5.27,0.705,14919000.0
2016-06-01,4.01,0.655,15222000.0
2016-06-02,3.82,0.649,15454000.0
2016-06-03,4.8,0.799,15702000.0
2016-06-04,5.08,0.87,16011000.0
2016-06-05,4.03,0.842,16260000.000000002
2016-06-06,3.14,0.935,16416000.0
2016-06-07,2.8,0.982,16506000.0
2016-06-08,2.8,1.06,16600000.000000002
2016-06-09,2.3,1.05,16664000.000000002
2016-06-10,2.03,1.05,16698000.0
2016-06-11,1.89,1.06,16726000.0
2016-06-12,1.42,1.06,16739999.999999998
2016-06-13,1.18,1.06,16748000.000000002
2016-06-14,1.07,1.06,16742999.999999998
2016-06-15,1.16,1.06,16735000.0
2016-06-16,1.07,1.05,16728000.000000002
2016-06-17,1.2,1.06,16718000.0
2016-06-18,1.18,1.05,16713999.999999998
2016-06-19,1.13,1.05,16707999.999999998
2016-06-20,1.11,1.06,16700000.0
2016-06-21,1.22,1.06,16699000.000000002
2016-06-22,0.975,1.06,16686000.0
2016-06-23,0.853,1.05,16668000.0
2016-06-24,0.792,1.05,16634000.0
2016-06-25,1.36,1.07,16608000.0
2016-06-26,0.998,1.06,16604000.0
2016-06-27,0.965,1.07,16578000.0
2016-06-28,0.942,1.07,16559999.999999998
2016-06-29,0.834,1.05,16527000.000000002
2016-06-30,0.754,1.05,16488000.0
2016-07-01,0.713,1.07,16452000.000000002
2016-07-02,0.7,1.08,16411000.000000002
2016-07-03,0.595,1.08,16358000.0
2016-07-04,0.534,1.08,16300999.999999998
2016-07-05,0.487,1.08,16235000.0
2016-07-06,0.445,1.08,16172000.0
2016-07-07,0.389,1.08,16094999.999999998
2016-07-08,0.354,1.08,16021000.0
2016-07-09,0.327,1.08,15943000.0
2016-07-10,0.301,1.07,15864000.0
2016-07-11,0.278,1.05,15781000.0
2016-07-12,0.282,1.06,15700000.0
2016-07-13,0.281,1.07,15621000.0
2016-07-14,0.308,1.06,15543000.0
2016-07-15,0.286,1.05,15466000.0
2016-07-16,0.247,1.05,15383000.0
2016-07-17,0.225,1.05,15295000.0
2016-07-18,0.208,1.05,15207000.0
2016-07-19,0.186,1.05,15112000.0
2016-07-20,0.171,1.05,15018000.0
2016-07-21,0.75,1.05,14940000.0
2016-07-22,1.89,1.05,14934000.0
2016-07-23,2.89,1.05,14975000.0
2016-07-24,2.39,1.05,15022000.0
2016-07-25,1.54,1.05,15027000.0
2016-07-26,1.61,1.05,15015000.0
2016-07-27,1.02,1.05,15010000.0
2016-07-28,0.905,1.05,14975000.0
2016-07-29,0.871,1.05,14948000.0
2016-07-30,0.731,1.05,14908000.0
2016-07-31,0.638,1.05,14855000.0
2016-08-01,0.567,1.05,14796000.0
2016-08-02,0.912,1.05,14748000.0
2016-08-03,2.05,1.05,14751000.0
2016-08-04,2.5,1.05,14778000.0
2016-08-05,2.48,1.05,14819000.0
2016-08-06,2.02,1.04,14846000.0
2016-08-07,1.32,1.04,14841000.0
2016-08-08,0.995,1.03,14819000.0
2016-08-09,0.849,1.05,14782000.0
2016-08-10,0.73,1.05,14743000.0
2016-08-11,0.653,1.05,14690000.0
2016-08-12,0.646,1.04,14644000.0
2016-08-13,0.529,1.02,14586000.0
2016-08-14,0.463,1.02,14517000.0
2016-08-15,0.412,1.02,14442000.0
2016-08-16,0.373,1.03,14368000.0
2016-08-17,0.337,1.02,14286000.0
2016-08-18,0.314,1.03,14202000.0
2016-08-19,0.308,1.02,14121000.0
2016-08-20,0.284,1.03,14039000.0
2016-08-21,0.27,1.02,13959000.0
2016-08-22,0.267,1.02,13884000.0
2016-08-23,0.241,1.03,13808000.0
2016-08-24,0.216,1.03,13730000.0
2016-08-25,0.187,1.03,13649000.0
2016-08-26,0.18,1.03,13566000.0
2016-08-27,0.172,0.988,13481000.0
2016-08-28,0.163,0.959,13403000.0
2016-08-29,0.165,0.96,13324000.0
2016-08-30,0.169,0.96,13244000.0
2016-08-31,0.154,0.96,13161000.0
2016-09-01,0.149,0.997,13074000.0
2016-09-02,0.142,1.03,12981000.0
2016-09-03,0.135,1.03,12890000.0
2016-09-04,0.186,1.03,12806000.0
2016-09-05,0.201,1.01,12726000.0
2016-09-06,0.157,0.664,12650000.0
2016-09-07,0.139,0.515,12601000.0
2016-09-08,0.128,0.515,12555000.0
2016-09-09,0.111,0.515,12504000.0
2016-09-10,0.111,0.515,12455000.0
2016-09-11,0.111,0.515,12404000.0
2016-09-12,0.105,0.515,12356000.0
2016-09-13,0.0951,0.515,12305000.0
2016-09-14,0.0928,0.48,12257000.0
2016-09-15,0.087,0.458,12211000.0
2016-09-16,0.087,0.54,12161000.0
2016-09-17,0.087,0.54,12108000.0
2016-09-18,0.087,0.54,12058000.0
2016-09-19,0.087,0.521,12009000.0
2016-09-20,0.087,0.515,11957000.0
2016-09-21,0.087,0.373,11911000.0
2016-09-22,0.087,0.295,11880000.0
2016-09-23,0.087,0.295,11849000.0
2016-09-24,0.0852,0.295,11819000.0
2016-09-25,0.079,0.295,11788000.0
2016-09-26,0.079,0.293,11760000.0
2016-09-27,0.079,0.278,11730000.0
2016-09-28,0.079,0.28,11698000.0
2016-09-29,0.0758,0.29,11667000.0
2016-09-30,0.071,0.295,11638000.0
2016-10-01,0.0805,0.295,11611000.0
2016-10-02,0.0931,0.295,11586000.0
2016-10-03,0.0989,0.295,11565000.0
2016-10-04,0.0977,0.295,11537000.0
2016-10-05,0.0908,0.295,11510000.0
2016-10-06,0.087,0.295,11480000.0
2016-10-07,0.087,0.295,11455000.0
2016-10-08,0.087,0.295,11431000.0
2016-10-09,0.087,0.295,11402000.0
2016-10-10,0.087,0.295,11375000.0
2016-10-11,0.087,0.295,11345000.0
2016-10-12,0.087,0.295,11317000.0
2016-10-13,0.087,0.295,11289000.0
2016-10-14,0.087,0.295,11260000.0
2016-10-15,0.087,0.295,11232000.0
2016-10-16,0.087,0.295,11203000.0
2016-10-17,0.0835,0.313,11173000.0
2016-10-18,0.079,0.322,11139000.0
2016-10-19,0.142,0.312,11116000.0
2016-10-20,0.268,0.311,11100000.0
2016-10-21,0.256,0.31,11098000.0
2016-10-22,0.174,0.31,11079000.0
2016-10-23,0.153,0.31,11054000.0
2016-10-24,0.144,0.29,11031000.0
2016-10-25,0.201,0.276,11018000.0
2016-10-26,0.16,0.283,10995000.0
2016-10-27,0.134,0.296,10971000.0
2016-10-28,0.129,0.295,10947000.0
2016-10-29,0.118,0.295,10919000.0
2016-10-30,0.111,0.303,10893000.0
2016-10-31,0.106,0.31,10867000.0
2016-11-01,0.103,0.31,10839000.0
2016-11-02,0.106,0.31,10814000.0
2016-11-03,0.11,0.31,10789000.0
2016-11-04,0.107,0.31,10763000.0
2016-11-05,0.103,0.31,10736000.0
2016-11-06,0.103,0.31,10710000.0
2016-11-07,0.103,0.31,10683000.0
2016-11-08,0.12,0.31,10659000.0
2016-11-09,0.12,0.332,10635000.0
2016-11-10,0.195,0.31,10616000.0
2016-11-11,0.439,0.31,10610000.0
2016-11-12,0.287,0.31,10595000.0
2016-11-13,0.236,0.31,10579000.0
2016-11-14,0.217,0.31,10560000.0
2016-11-15,0.201,0.31,10539000.0
2016-11-16,0.393,0.314,10529000.0
2016-11-17,0.514,0.312,10531000.0
2016-11-18,1.57,0.326,10571000.0
2016-11-19,1.09,0.325,10632000.0
2016-11-20,0.906,0.325,10672000.0
2016-11-21,0.897,0.329,10708000.0
2016-11-22,0.876,0.325,10748000.0
2016-11-23,0.772,0.325,10773000.0
2016-11-24,0.706,0.325,10797000.0
2016-11-25,0.636,0.317,10815000.0
2016-11-26,0.575,0.31,10825000.0
2016-11-27,0.517,0.31,10836000.0
2016-11-28,0.459,0.31,10838000.0
2016-11-29,0.4,0.645,10820000.0
2016-11-30,0.35,0.807,10774000.0
2016-12-01,0.347,0.79,10725000.0
2016-12-02,0.35,0.79,10679000.0
2016-12-03,0.345,0.79,10632000.0
2016-12-04,0.27,0.79,10575000.0
2016-12-05,0.26,0.791,10518000.0
2016-12-06,0.254,0.79,10462000.0
2016-12-07,0.248,0.79,10401000.0
2016-12-08,0.242,0.79,10343000.0
2016-12-09,0.24,0.79,10287000.0
2016-12-10,0.235,0.79,10231000.0
2016-12-11,0.242,0.791,10179000.0
2016-12-12,0.239,0.791,10125000.0
2016-12-13,0.225,0.792,10071000.0
2016-12-14,0.228,0.79,10016000.0
2016-12-15,0.214,0.79,9959000.0
2016-12-16,0.205,0.676,9902000.0
2016-12-17,0.201,0.614,9859000.0
2016-12-18,0.196,0.615,9816000.0
2016-12-19,0.187,0.615,9773000.0
2016-12-20,0.183,0.615,9729000.0
2016-12-21,0.176,0.615,9682000.0
2016-12-22,0.196,0.615,9639000.0
2016-12-23,0.213,0.604,9597000.0
2016-12-24,0.217,0.597,9556000.0
2016-12-25,0.22,0.594,9515000.0
2016-12-26,0.261,0.589,9476000.0
2016-12-27,0.277,0.615,9438000.0
2016-12-28,0.26,0.615,9395000.0
2016-12-29,0.234,0.615,9353000.0
2016-12-30,0.212,0.615,9307000.0
2016-12-31,0.219,0.615,9262000.0
2017-01-01,0.248,0.615,9218000.0
2017-01-02,0.272,0.615,9176000.0
2017-01-03,0.27,0.611,9135000.0
2017-01-04,0.276,0.604,9099000.0
2017-01-05,0.26,0.416,9067000.0
2017-01-06,0.157,0.31,9041000.0
2017-01-07,0.218,0.31,9022000.0
2017-01-08,0.24,0.309,9006000.0
2017-01-09,0.24,0.303,8990000.0
2017-01-10,0.24,0.295,8976000.0
2017-01-11,0.339,0.295,8966000.0
2017-01-12,0.425,0.295,8966000.0
2017-01-13,0.413,0.3,8976000.0
2017-01-14,0.397,0.295,8980000.0
2017-01-15,0.389,0.295,8980000.0
2017-01-16,0.384,0.295,8973000.0
2017-01-17,0.352,0.295,8970000.0
2017-01-18,0.325,0.295,8964000.0
2017-01-19,0.365,0.298,8952000.0
2017-01-20,0.381,0.295,8950000.0
2017-01-21,0.388,0.295,8950000.0
2017-01-22,0.363,0.295,8943000.0
2017-01-23,0.363,0.295,8940000.0
2017-01-24,0.363,0.295,8933000.0
2017-01-25,0.348,0.295,8922000.0
2017-01-26,0.316,0.295,8915000.0
2017-01-27,0.304,0.295,8909000.0
2017-01-28,0.317,0.295,8900000.0
2017-01-29,0.383,0.295,8900000.0
2017-01-30,0.654,0.298,8904000.0
2017-01-31,0.793,0.295,8937000.0
2017-02-01,0.881,0.295,8985000.0
2017-02-02,1.39,0.295,9049000.0
2017-02-03,2.25,0.295,9146000.0
2017-02-04,3.18,0.299,9291000.0
2017-02-05,3.32,0.31,9456000.0
2017-02-06,2.94,0.31,9593000.0
2017-02-07,2.55,0.31,9703000.0
2017-02-08,2.08,0.31,9794000.0
2017-02-09,1.65,0.31,9861000.0
2017-02-10,1.21,0.31,9917000.0
2017-02-11,1.05,0.31,9966000.0
2017-02-12,0.977,0.31,10008000.0
2017-02-13,0.849,0.314,10040000.0
2017-02-14,0.74,0.31,10062000.0
2017-02-15,0.672,0.31,10081000.0
2017-02-16,0.648,0.31,10093000.0
2017-02-17,0.644,0.31,10108000.0
2017-02-18,0.619,0.31,10120000.0
2017-02-19,0.584,0.31,10130000.0
2017-02-20,0.6,0.31,10142000.0
2017-02-21,0.933,0.31,10170000.0
2017-02-22,1.87,0.312,10228000.0
2017-02-23,4.23,0.325,10389000.0
2017-02-24,4.72,0.325,10662000.0
2017-02-25,3.84,0.325,10900000.0
2017-02-26,3.22,0.325,11097000.0
2017-02-27,2.79,0.326,11260000.0
2017-02-28,2.58,0.325,11403000.0
2017-03-01,2.74,0.328,11534000.0
2017-03-02,3.39,0.339,11707000.0
2017-03-03,3.5,0.34,11918000.0
2017-03-04,3.14,0.34,12113000.0
2017-03-05,2.71,0.328,12267000.0
2017-03-06,2.69,0.328,12409000.0
2017-03-07,3.01,0.645,12554000.0
2017-03-08,3.98,0.824,12705000.0
2017-03-09,6.34,0.83,13015000.0
2017-03-10,5.65,0.815,13388000.0
2017-03-11,4.21,0.815,13638000.0
2017-03-12,3.17,0.81,13792000.0
2017-03-13,2.41,0.796,13884000.0
2017-03-14,1.76,0.816,13938000.0
2017-03-15,1.27,0.816,13969000.0
2017-03-16,1.03,0.816,13980000.0
2017-03-17,0.897,0.819,13980000.0
2017-03-18,1.23,0.816,13990000.0
2017-03-19,1.51,0.819,14025000.0
2017-03-20,1.35,0.806,14051000.0
2017-03-21,1.63,0.81,14083000.0
2017-03-22,1.65,0.808,14124000.0
2017-03-23,1.62,0.814,14161000.0
2017-03-24,1.4,0.795,14189000.0
2017-03-25,1.11,0.79,14209000.0
2017-03-26,0.986,0.79,14220000.0
2017-03-27,0.865,0.792,14215000.0
2017-03-28,0.759,0.79,14199000.0
2017-03-29,0.676,0.79,14178000.0
2017-03-30,0.612,0.66,14163000.0
2017-03-31,0.561,0.79,14132000.0
2017-04-01,0.529,0.79,14090000.0
2017-04-02,0.505,0.79,14056000.0
2017-04-03,0.439,0.711,14014000.0
2017-04-04,0.403,0.615,13980000.0
2017-04-05,0.37,0.615,13948000.0
2017-04-06,0.351,0.615,13913000.0
2017-04-07,0.329,0.615,13877000.0
2017-04-08,0.31,0.615,13841000.0
2017-04-09,0.29,0.615,13805000.0
2017-04-10,0.274,0.615,13766000.0
2017-04-11,0.264,0.615,13724000.0
2017-04-12,0.248,0.616,13685000.0
2017-04-13,0.24,0.615,13641000.0
2017-04-14,0.238,0.615,13598000.0
2017-04-15,0.23,0.615,13555000.0
2017-04-16,0.225,0.615,13512000.0
2017-04-17,0.347,0.615,13476000.0
2017-04-18,0.272,0.578,13444000.0
2017-04-19,0.227,0.507,13404000.0
2017-04-20,0.203,0.49,13368000.0
2017-04-21,0.196,0.49,13332000.0
2017-04-22,0.192,0.49,13295000.0
2017-04-23,0.192,0.49,13257000.0
2017-04-24,0.186,0.494,13216000.0
2017-04-25,0.181,0.426,13183000.0
2017-04-26,0.178,0.39,13150000.0
2017-04-27,0.174,0.377,13118000.0
2017-04-28,0.17,0.39,13087000.0
2017-04-29,0.165,0.39,13054000.0
2017-04-30,0.159,0.39,13017000.0
2017-05-01,0.151,0.39,12983000.0
2017-05-02,0.15,0.39,12952000.0
2017-05-03,0.226,0.39,12930000.0
2017-05-04,0.235,0.39,12905000.0
2017-05-05,0.194,0.39,12880000.0
2017-05-06,0.176,0.39,12848000.0
2017-05-07,0.165,0.39,12817000.0
2017-05-08,0.159,0.39,12784000.0
2017-05-09,0.152,0.39,12750000.0
2017-05-10,0.147,0.39,12716000.0
2017-05-11,0.142,0.39,12682000.0
2017-05-12,0.138,0.39,12648000.0
2017-05-13,0.133,0.39,12612000.0
2017-05-14,0.129,0.39,12575000.0
2017-05-15,0.121,0.393,12539000.0
2017-05-16,0.111,0.39,12500000.0
2017-05-17,0.108,0.39,12464000.0
2017-05-18,0.115,0.39,12429000.0
2017-05-19,0.192,0.39,12400000.0
2017-05-20,0.218,0.39,12376000.0
2017-05-21,0.152,0.39,12344000.0
2017-05-22,0.132,0.332,12310000.0
2017-05-23,0.117,0.309,12282000.0
2017-05-24,0.111,0.31,12252000.0
2017-05-25,0.109,0.31,12222000.0
2017-05-26,0.1,0.31,12192000.0
2017-05-27,0.0931,0.31,12160000.0
2017-05-28,0.112,0.31,12126000.0
2017-05-29,0.136,0.322,12104000.0
2017-05-30,0.101,0.327,12070000.0
2017-05-31,0.094,0.327,12035000.0
2017-06-01,0.087,0.326,11999000.0
2017-06-02,0.087,0.338,11975000.0
2017-06-03,0.087,0.325,11970000.0
2017-06-04,0.087,0.325,11940000.0
2017-06-05,0.0846,0.325,11910000.0
2017-06-06,0.0808,0.327,11879000.0
2017-06-07,0.114,0.325,11852000.0
2017-06-08,0.108,0.325,11822000.0
2017-06-09,0.111,0.327,11792000.0
2017-06-10,0.123,0.325,11765000.0
2017-06-11,0.0908,0.325,11733000.0
2017-06-12,0.079,0.328,11698000.0
2017-06-13,0.079,0.325,11662000.0
2017-06-14,0.077,0.325,11628000.0
2017-06-15,0.071,0.325,11594000.0
2017-06-16,0.071,0.325,11558000.0
2017-06-17,0.071,0.325,11522000.0
2017-06-18,0.071,0.325,11488000.0
2017-06-19,0.0647,0.319,11453000.0
2017-06-20,0.057,0.31,11417000.0
2017-06-21,0.057,0.31,11379000.0
2017-06-22,0.057,0.31,11342000.0
2017-06-23,0.057,0.313,11305000.0
2017-06-24,0.057,0.31,11266000.0
2017-06-25,0.057,0.31,11228000.0
2017-06-26,0.057,0.31,11190000.0
2017-06-27,0.057,0.31,11153000.0
2017-06-28,0.057,0.31,11120000.0
2017-06-29,0.057,0.31,11086000.0
2017-06-30,0.057,0.31,11050000.0
2017-07-01,0.0822,0.31,11021000.0
2017-07-02,0.0995,0.311,10993000.0
2017-07-03,0.0877,0.31,10962000.0
2017-07-04,0.0754,0.31,10929000.0
2017-07-05,0.0646,0.31,10894000.0
2017-07-06,0.0612,0.313,10860000.0
2017-07-07,0.057,0.31,10827000.0
2017-07-08,0.0547,0.31,10790000.0
2017-07-09,0.05,0.314,10754000.0
2017-07-10,0.173,0.313,10732000.0
2017-07-11,0.126,0.31,10705000.0
2017-07-12,0.144,0.312,10679000.0
2017-07-13,0.155,0.31,10653000.0
2017-07-14,0.099,0.312,10625000.0
2017-07-15,0.087,0.31,10588000.0
2017-07-16,0.087,0.31,10557000.0
2017-07-17,0.0818,0.31,10525000.0
2017-07-18,0.0685,0.31,10492000.0
2017-07-19,0.064,0.31,10458000.0
2017-07-20,0.141,0.311,10429000.0
2017-07-21,0.0937,0.314,10397000.0
2017-07-22,0.071,0.315,10364000.0
2017-07-23,0.064,0.31,10329000.0
2017-07-24,0.115,0.311,10303000.0
2017-07-25,0.212,0.314,10289000.0
2017-07-26,0.613,0.313,10298000.0
2017-07-27,0.261,0.31,10287000.0
2017-07-28,0.19,0.31,10263000.0
2017-07-29,0.15,0.316,10237000.0
2017-07-30,0.121,0.312,10210000.0
2017-07-31,0.105,0.326,10181000.0
2017-08-01,0.173,0.323,10157000.0
2017-08-02,0.159,0.311,10134000.0
2017-08-03,0.123,0.311,10110000.0
2017-08-04,0.106,0.314,10081000.0
2017-08-05,0.102,0.31,10052000.0
2017-08-06,0.097,0.31,10024000.0
2017-08-07,0.0848,0.31,9993000.0
2017-08-08,0.079,0.31,9962000.0
2017-08-09,0.079,0.31,9933000.0
2017-08-10,0.215,0.314,9920000.0
2017-08-11,0.183,0.31,9906000.0
2017-08-12,0.153,0.31,9884000.0
2017-08-13,0.372,0.313,9878000.0
2017-08-14,0.198,0.31,9857000.0
2017-08-15,0.181,0.312,9836000.0
2017-08-16,0.279,0.31,9824000.0
2017-08-17,0.198,0.31,9808000.0
2017-08-18,0.603,0.314,9807000.0
2017-08-19,0.527,0.317,9820000.0
2017-08-20,0.454,0.31,9820000.0
2017-08-21,0.353,0.312,9815000.0
2017-08-22,0.299,0.31,9804000.0
2017-08-23,0.257,0.31,9786000.0
2017-08-24,0.223,0.305,9767000.0
2017-08-25,0.216,0.31,9748000.0
2017-08-26,0.456,0.311,9743000.0
2017-08-27,0.266,0.31,9728000.0
2017-08-28,0.224,0.315,9711000.0
2017-08-29,0.196,0.301,9690000.0
2017-08-30,0.181,0.302,9666000.0
2017-08-31,0.258,0.31,9652000.0
2017-09-01,0.206,0.31,9632000.0
2017-09-02,0.18,0.31,9609000.0
2017-09-03,0.171,0.31,9586000.0
2017-09-04,0.164,0.31,9561000.0
2017-09-05,0.154,0.31,9535000.0
2017-09-06,0.143,0.31,9511000.0
2017-09-07,0.135,0.31,9483000.0
2017-09-08,0.204,0.312,9457000.0
2017-09-09,1.11,0.31,9496000.0
2017-09-10,0.673,0.31,9520000.0
2017-09-11,0.682,0.31,9538000.0
2017-09-12,0.592,0.31,9550000.0
2017-09-13,0.684,0.311,9567000.0
2017-09-14,0.968,0.316,9596000.0
2017-09-15,1.61,0.31,9657000.0
2017-09-16,1.58,0.31,9727000.0
2017-09-17,1.2,0.31,9788000.0
2017-09-18,1.02,0.31,9835000.0
2017-09-19,0.917,0.31,9872000.0
2017-09-20,0.791,0.31,9899000.0
2017-09-21,0.688,0.31,9916000.0
2017-09-22,0.615,0.31,9926000.0
2017-09-23,0.555,0.31,9935000.0
2017-09-24,0.497,0.31,9940000.0
2017-09-25,0.452,0.31,9933000.0
2017-09-26,0.408,0.31,9925000.0
2017-09-27,0.367,0.31,9918000.0
2017-09-28,0.335,0.31,9908000.0
2017-09-29,0.307,0.31,9892000.0
2017-09-30,0.577,0.312,9894000.0
2017-10-01,0.44,0.31,9902000.0
2017-10-02,0.353,0.31,9891000.0
2017-10-03,0.429,0.314,9890000.0
2017-10-04,0.357,0.31,9881000.0
2017-10-05,0.409,0.31,9875000.0
2017-10-06,0.487,0.311,9875000.0
2017-10-07,0.485,0.293,9880000.0
2017-10-08,0.982,0.321,9895000.0
2017-10-09,1.18,0.33,9938000.0
2017-10-10,1.39,0.315,9995000.0
2017-10-11,1.13,0.31,10046000.0
2017-10-12,0.979,0.31,10088000.0
2017-10-13,0.841,0.31,10117000.0
2017-10-14,0.731,0.31,10140000.0
2017-10-15,0.651,0.31,10153000.0
2017-10-16,0.586,0.316,10164000.0
2017-10-17,0.533,0.37,10170000.0
2017-10-18,0.494,0.409,10158000.0
2017-10-19,0.459,0.41,10148000.0
2017-10-20,0.434,0.41,10139000.0
2017-10-21,0.408,0.41,10123000.0
2017-10-22,0.517,0.404,10119000.0
2017-10-23,0.469,0.41,10112000.0
2017-10-24,0.401,0.41,10097000.0
2017-10-25,0.4,0.406,10085000.0
2017-10-26,0.38,0.41,10066000.0
2017-10-27,0.417,0.458,10053000.0
2017-10-28,0.396,0.48,10030000.0
2017-10-29,0.714,0.491,10027000.0
2017-10-30,0.649,0.49,10022000.0
2017-10-31,0.646,0.49,10020000.0
2017-11-01,0.635,0.49,10016000.0
2017-11-02,0.604,0.492,10006000.0
2017-11-03,0.567,0.503,9998000.0
2017-11-04,0.541,0.507,9990000.0
2017-11-05,0.688,0.49,9988000.0
2017-11-06,0.563,0.49,9979000.0
2017-11-07,0.508,0.49,9965000.0
2017-11-08,0.528,0.49,9950000.0
2017-11-09,0.535,0.49,9940000.0
2017-11-10,0.622,0.49,9930000.0
2017-11-11,0.718,0.49,9930000.0
2017-11-12,0.898,0.505,9943000.0
2017-11-13,1.27,0.515,9974000.0
2017-11-14,1.74,0.58,10019000.0
2017-11-15,1.84,0.615,10072000.0
2017-11-16,1.7,0.603,10119000.0
2017-11-17,1.16,0.59,10153000.0
2017-11-18,0.998,0.59,10176000.0
2017-11-19,0.961,0.59,10196000.0
2017-11-20,0.873,0.591,10202000.0
2017-11-21,1.09,0.59,10223000.0
2017-11-22,1.01,0.59,10239000.0
2017-11-23,1.06,0.59,10260000.0
2017-11-24,1.39,0.594,10289000.0
2017-11-25,1.15,0.59,10325000.0
2017-11-26,1.08,0.59,10349000.0
2017-11-27,1.87,0.602,10382000.0
2017-11-28,4.35,0.751,10533000.0
2017-11-29,4.88,0.815,10774000.0
2017-11-30,3.81,0.918,10974000.0
2017-12-01,2.94,1.02,11094000.0
2017-12-02,2.25,1.02,11162000.0
2017-12-03,1.73,1.02,11193000.0
2017-12-04,1.37,1.02,11207000.0
2017-12-05,1.22,1.02,11210000.0
2017-12-06,1.1,1.02,11202000.0
2017-12-07,1.21,1.02,11193000.0
2017-12-08,2.09,1.02,11228000.0
2017-12-09,2.12,1.02,11267000.0
2017-12-10,2.25,1.02,11322000.0
2017-12-11,2.59,1.02,11391000.0
2017-12-12,2.95,1.03,11481000.0
2017-12-13,3.19,1.04,11590000.0
2017-12-14,4.13,1.05,11772000.0
2017-12-15,3.94,1.57,11967000.0
2017-12-16,3.31,1.99,12055000.0
2017-12-17,2.73,1.96,12085000.0
2017-12-18,2.42,1.96,12080000.0
2017-12-19,2.59,1.96,12080000.0
2017-12-20,3.22,1.96,12108000.0
2017-12-21,3.98,1.96,12195000.0
2017-12-22,5.22,1.97,12356000.0
2017-12-23,5.83,1.99,12577000.0
2017-12-24,5.26,2.0,12773000.0
2017-12-25,4.16,2.0,12887000.0
2017-12-26,3.55,2.02,12948000.0
2017-12-27,3.02,2.05,12970000.0
2017-12-28,2.74,2.05,12962000.0
2017-12-29,2.44,2.05,12927000.0
2017-12-30,2.98,2.05,12905000.0
2017-12-31,4.78,2.28,12980000.0
